{
    "train_loss": [
        0.5507067005111747,
        0.4563749138623068
    ],
    "train_main_loss": [
        0.5507067005111747,
        0.4563749138623068
    ],
    "train_ssl_loss": [
        0.0,
        0.0
    ],
    "train_accuracy": [
        0.7607758620689655,
        0.8224137931034483
    ],
    "val_loss": [
        0.4663147304369056,
        0.3773772800746171
    ],
    "val_accuracy": [
        0.7987594762232942,
        0.8738800827015851
    ],
    "val_precision": [
        0.7946175637393768,
        0.8822095857026807
    ],
    "val_recall": [
        0.998220640569395,
        0.9661921708185054
    ],
    "val_f1": [
        0.8848580441640379,
        0.9222929936305733
    ],
    "val_auc": [
        0.7033339863092711,
        0.808808645401417
    ],
    "learning_rate": [
        0.0005,
        0.0005
    ]
}