{
    "accuracy": 0.9505119453924915,
    "precision": 0.9593301435406698,
    "recall": 0.9709443099273608,
    "f1_score": 0.9651022864019254,
    "auc": 0.986955730661031
}