{
    "train_loss": [
        0.580955538256415,
        0.446690411506028,
        0.4233026858547638,
        0.38467635101285474,
        0.3588035523891449,
        0.34877175118388803,
        0.3275424834469269,
        0.29268764093004423,
        0.27577058796224924,
        0.24415856594669408
    ],
    "train_main_loss": [
        0.5229484711227745,
        0.38906941352219415,
        0.36587647831645503,
        0.32733809223462795,
        0.3014782191607459,
        0.2914872369375722,
        0.27030901698202925,
        0.23544854724715497,
        0.21855801666348146,
        0.1869811196907841
    ],
    "train_ssl_loss": [
        0.5800706781190017,
        0.5762099710004083,
        0.5742620468139649,
        0.5733825913790999,
        0.5732533321298402,
        0.5728451406133586,
        0.5723346517003816,
        0.5723909182795163,
        0.5721256963137923,
        0.5717744564187938
    ],
    "train_accuracy": [
        0.7780172413793104,
        0.8590517241379311,
        0.875,
        0.881896551724138,
        0.8995689655172414,
        0.8991379310344828,
        0.9073275862068966,
        0.9189655172413793,
        0.9271551724137931,
        0.9357758620689656
    ],
    "val_loss": [
        0.3814993738964364,
        0.3072709804707831,
        0.2916589806695561,
        0.31265249635492054,
        0.26685845385213475,
        0.2561467963342483,
        0.24458203653057853,
        0.23985704705937877,
        0.2077767972394333,
        0.1881400185872565
    ],
    "val_accuracy": [
        0.8669882839421089,
        0.8869745003445899,
        0.8938662991040661,
        0.9007580978635424,
        0.9200551343900758,
        0.9214334941419711,
        0.9200551343900758,
        0.9221226740179187,
        0.9193659545141282,
        0.9262577532736044
    ],
    "val_precision": [
        0.856159143075746,
        0.8973509933774835,
        0.9034941763727121,
        0.8907496012759171,
        0.9278438030560272,
        0.9308873720136519,
        0.9242424242424242,
        0.9361518550474547,
        0.9130434782608695,
        0.937231298366294
    ],
    "val_recall": [
        0.9955516014234875,
        0.9644128113879004,
        0.9661921708185054,
        0.9937722419928826,
        0.9724199288256228,
        0.9706405693950177,
        0.9768683274021353,
        0.9653024911032029,
        0.9902135231316725,
        0.9697508896797153
    ],
    "val_f1": [
        0.9206088029617442,
        0.9296740994854202,
        0.9337919174548581,
        0.9394449116904963,
        0.9496090356211989,
        0.9503484320557491,
        0.9498269896193772,
        0.9505037231712659,
        0.9500640204865557,
        0.9532138172278094
    ],
    "val_auc": [
        0.7966891399218605,
        0.8445345914003068,
        0.8444135187784996,
        0.9113857237694125,
        0.8875085703091842,
        0.9112347230837876,
        0.892105248838247,
        0.9205110625006802,
        0.9657813401242831,
        0.9682136754927247
    ],
    "learning_rate": [
        0.002154,
        0.002154,
        0.002154,
        0.002154,
        0.002154,
        0.002154,
        0.002154,
        0.002154,
        0.002154,
        0.002154
    ]
}