{
    "train_loss": [
        0.6282964667369579,
        0.5830765371692592,
        0.4432890122306758,
        0.42637451840885754,
        0.39079008970795004,
        0.3928311220530806,
        0.36875280031356317,
        0.35757414046032676,
        0.33566084581202477,
        0.3462078608572483
    ],
    "train_main_loss": [
        0.5702382164268658,
        0.5262079059050001,
        0.38635694441096535,
        0.36939034932132425,
        0.33392328550589495,
        0.3360448105838792,
        0.3120465257429871,
        0.30085285129989014,
        0.2787961155689996,
        0.2895273958686097
    ],
    "train_ssl_loss": [
        0.580582487685927,
        0.5686863414172468,
        0.5693206561022791,
        0.569841693187582,
        0.5686680417636345,
        0.5678631293362585,
        0.5670627221978944,
        0.5672128914759077,
        0.5686472962642538,
        0.566804641279681
    ],
    "train_accuracy": [
        0.756202804746494,
        0.7669902912621359,
        0.8640776699029126,
        0.866235167206041,
        0.883495145631068,
        0.8867313915857605,
        0.8888888888888888,
        0.8942826321467098,
        0.9093851132686084,
        0.8975188781014024
    ],
    "val_loss": [
        0.5333449833995694,
        0.4214537485942736,
        0.3276199967815326,
        0.3604805675427337,
        0.3438265374401113,
        0.32126006721467765,
        0.2945635354780889,
        0.3108021869927972,
        0.28844237933447076,
        0.29002224244586716
    ],
    "val_accuracy": [
        0.7746381805651275,
        0.8559614059269469,
        0.8876636802205375,
        0.8849069607167471,
        0.8869745003445899,
        0.8890420399724328,
        0.8973121984838043,
        0.8945554789800138,
        0.8986905582356995,
        0.895933838731909
    ],
    "val_precision": [
        0.7746381805651275,
        0.8549262994569433,
        0.8853247794707297,
        0.9037974683544304,
        0.9195804195804196,
        0.9264836138175376,
        0.9213483146067416,
        0.9270008795074758,
        0.9266375545851528,
        0.9293909973521624
    ],
    "val_recall": [
        1.0,
        0.9804270462633452,
        0.9822064056939501,
        0.952846975088968,
        0.9359430604982206,
        0.9306049822064056,
        0.9483985765124555,
        0.9377224199288257,
        0.943950177935943,
        0.9368327402135231
    ],
    "val_f1": [
        0.8730097087378641,
        0.9133858267716536,
        0.9312526360185576,
        0.927674317886531,
        0.927689594356261,
        0.9285397248113626,
        0.9346777729066199,
        0.9323308270676691,
        0.9352137505509035,
        0.9330970314576872
    ],
    "val_auc": [
        0.6818143480579407,
        0.813738613732084,
        0.8387693580158238,
        0.8405201497491483,
        0.8573043520846257,
        0.8640490493758639,
        0.8508983860611403,
        0.9011802540076398,
        0.8943240066603545,
        0.8953538041289845
    ],
    "learning_rate": [
        0.002154,
        0.002154,
        0.002154,
        0.002154,
        0.002154,
        0.002154,
        0.002154,
        0.002154,
        0.002154,
        0.002154
    ]
}