{
    "accuracy": 0.9300341296928327,
    "precision": 0.9558823529411765,
    "recall": 0.9443099273607748,
    "f1": 0.9500609013398295,
    "auc": 0.9808394799087461
}