{
  "trial_number": 10,
  "params": {
    "embedding_dim": 32,
    "num_heads": 2,
    "num_layers": 1,
    "dim_feedforward": 64,
    "dropout": 0.3,
    "batch_size": 16,
    "learning_rate": 0.00011507947246513043,
    "weight_decay": 0.00029992360225577727,
    "num_epochs": 10,
    "patience": 5,
    "data_percentage": 50,
    "optimizer": "AdamW",
    "scheduler": "OneCycleLR"
  },
  "metrics": {
    "accuracy": 0.9271583024403506,
    "precision": 0.9418211359076136,
    "recall": 0.9650228736982117,
    "f1": 0.9531036791335984,
    "auc": 0.955026520515951
  },
  "fold_metrics": [
    {
      "epoch": 8,
      "train_loss": 0.3642097934312427,
      "val_loss": 0.31799989254498967,
      "accuracy": 0.9198966408268734,
      "precision": 0.9488054607508533,
      "recall": 0.9455782312925171,
      "f1": 0.9471890971039182,
      "auc": 0.9533044400555921
    },
    {
      "epoch": 8,
      "train_loss": 0.1628432049579227,
      "val_loss": 0.1842470758936691,
      "accuracy": 0.9547218628719275,
      "precision": 0.9632721202003339,
      "recall": 0.9779661016949153,
      "f1": 0.9705634987384356,
      "auc": 0.9910160229693433
    },
    {
      "epoch": 7,
      "train_loss": 0.3378918143277316,
      "val_loss": 0.40156266845914784,
      "accuracy": 0.906856403622251,
      "precision": 0.9133858267716536,
      "recall": 0.9715242881072027,
      "f1": 0.9415584415584416,
      "auc": 0.9207590985229175
    }
  ]
}