{
  "trial_number": 14,
  "params": {
    "embedding_dim": 32,
    "num_heads": 2,
    "num_layers": 1,
    "dim_feedforward": 64,
    "dropout": 0.2,
    "batch_size": 16,
    "learning_rate": 0.0003122216544587877,
    "weight_decay": 0.0009922266569367894,
    "num_epochs": 10,
    "patience": 5,
    "data_percentage": 50,
    "optimizer": "AdamW",
    "scheduler": "OneCycleLR"
  },
  "metrics": {
    "accuracy": 0.9413713030097398,
    "precision": 0.958796601719118,
    "recall": 0.9650010269444427,
    "f1": 0.9617791359711235,
    "auc": 0.9723899086949483
  },
  "fold_metrics": [
    {
      "epoch": 10,
      "train_loss": 0.08701497687449314,
      "val_loss": 0.13567818870425832,
      "accuracy": 0.9599483204134367,
      "precision": 0.9828178694158075,
      "recall": 0.9645868465430016,
      "f1": 0.9736170212765958,
      "auc": 0.9870962332181156
    },
    {
      "epoch": 9,
      "train_loss": 0.24120551080817415,
      "val_loss": 0.23729288916350627,
      "accuracy": 0.9314359637774903,
      "precision": 0.9527824620573356,
      "recall": 0.9576271186440678,
      "f1": 0.9551986475063398,
      "auc": 0.9646846346207281
    },
    {
      "epoch": 9,
      "train_loss": 0.2596602830075726,
      "val_loss": 0.25687288720997015,
      "accuracy": 0.9327296248382924,
      "precision": 0.9407894736842105,
      "recall": 0.9727891156462585,
      "f1": 0.9565217391304348,
      "auc": 0.9653888582460011
    }
  ]
}