{
  "trial_number": 2,
  "params": {
    "embedding_dim": 16,
    "num_heads": 4,
    "num_layers": 2,
    "dim_feedforward": 64,
    "dropout": 0.1,
    "batch_size": 16,
    "learning_rate": 0.006712682548857099,
    "weight_decay": 0.00019256794788815665,
    "num_epochs": 10,
    "patience": 5,
    "data_percentage": 50,
    "optimizer": "RMSprop",
    "scheduler": "OneCycleLR"
  },
  "metrics": {
    "accuracy": 0.7668000441248735,
    "precision": 0.7668000441248735,
    "recall": 1.0,
    "f1": 0.8678525149567998,
    "auc": 0.5613811109129462
  },
  "fold_metrics": [
    {
      "epoch": 3,
      "train_loss": 0.9280077643001202,
      "val_loss": 0.6874293161898243,
      "accuracy": 0.7906976744186046,
      "precision": 0.7906976744186046,
      "recall": 1.0,
      "f1": 0.8831168831168831,
      "auc": 0.5231481481481481
    },
    {
      "epoch": 1,
      "train_loss": 0.8730378952837482,
      "val_loss": 0.6923318955363059,
      "accuracy": 0.7697283311772316,
      "precision": 0.7697283311772316,
      "recall": 1.0,
      "f1": 0.8698830409356725,
      "auc": 0.6609951845906902
    },
    {
      "epoch": 3,
      "train_loss": 0.879366895587174,
      "val_loss": 1.0385471345210562,
      "accuracy": 0.7399741267787839,
      "precision": 0.7399741267787839,
      "recall": 1.0,
      "f1": 0.8505576208178439,
      "auc": 0.5
    }
  ]
}