{
  "trial_number": 13,
  "params": {
    "embedding_dim": 32,
    "num_heads": 2,
    "num_layers": 1,
    "dim_feedforward": 64,
    "dropout": 0.2,
    "batch_size": 16,
    "learning_rate": 0.00031025302574602253,
    "weight_decay": 0.0006708944840281642,
    "num_epochs": 10,
    "patience": 5,
    "data_percentage": 50,
    "optimizer": "AdamW",
    "scheduler": "OneCycleLR"
  },
  "metrics": {
    "accuracy": 0.9478396083137501,
    "precision": 0.9714055748956868,
    "recall": 0.9599321818356253,
    "f1": 0.9655911104928533,
    "auc": 0.9834460589380405
  },
  "fold_metrics": [
    {
      "epoch": 8,
      "train_loss": 0.08803528564089198,
      "val_loss": 0.1754949231375465,
      "accuracy": 0.9599483204134367,
      "precision": 0.9761499148211243,
      "recall": 0.9711864406779661,
      "f1": 0.973661852166525,
      "auc": 0.9888909358879882
    },
    {
      "epoch": 6,
      "train_loss": 0.12160977249792249,
      "val_loss": 0.2546361564772622,
      "accuracy": 0.9508408796895214,
      "precision": 0.9676320272572402,
      "recall": 0.9676320272572402,
      "f1": 0.9676320272572402,
      "auc": 0.9865362422377315
    },
    {
      "epoch": 9,
      "train_loss": 0.2509000623003416,
      "val_loss": 0.20347330164240332,
      "accuracy": 0.9327296248382924,
      "precision": 0.9704347826086956,
      "recall": 0.9409780775716695,
      "f1": 0.9554794520547946,
      "auc": 0.9749109986884018
    }
  ]
}