{
  "trial_number": 16,
  "params": {
    "embedding_dim": 32,
    "num_heads": 2,
    "num_layers": 1,
    "dim_feedforward": 128,
    "dropout": 0.2,
    "batch_size": 16,
    "learning_rate": 0.0003179702108750333,
    "weight_decay": 0.0007240643508876789,
    "num_epochs": 10,
    "patience": 5,
    "data_percentage": 50,
    "optimizer": "AdamW",
    "scheduler": "OneCycleLR"
  },
  "metrics": {
    "accuracy": 0.9508603793179141,
    "precision": 0.9613705046439804,
    "recall": 0.9746160159799461,
    "f1": 0.9679091789195532,
    "auc": 0.9771028156014608
  },
  "fold_metrics": [
    {
      "epoch": 8,
      "train_loss": 0.15637597338939757,
      "val_loss": 0.18716370821835435,
      "accuracy": 0.9547803617571059,
      "precision": 0.9720394736842105,
      "recall": 0.9704433497536946,
      "f1": 0.971240755957272,
      "auc": 0.9834701696770662
    },
    {
      "epoch": 6,
      "train_loss": 0.2857589414247225,
      "val_loss": 0.25849575340291675,
      "accuracy": 0.9417852522639069,
      "precision": 0.9471890971039182,
      "recall": 0.9754385964912281,
      "f1": 0.9611063094209161,
      "auc": 0.9577391755250194
    },
    {
      "epoch": 10,
      "train_loss": 0.12628213047366782,
      "val_loss": 0.165742895727483,
      "accuracy": 0.9560155239327296,
      "precision": 0.9648829431438127,
      "recall": 0.9779661016949153,
      "f1": 0.9713804713804713,
      "auc": 0.9900991016022969
    }
  ]
}