{
    "train_loss": [
        0.5507067005111747,
        0.4563749138623068,
        0.3831741076013813,
        0.32974600771518603,
        0.29317870593234285,
        0.251055211492189,
        0.2317755231506204,
        0.20650209978937287,
        0.1933058276772499,
        0.17592823047395031,
        0.15888962266992215,
        0.1324786794027441,
        0.1256889210860819,
        0.1281880331161904,
        0.11318755925518192,
        0.10773313030192297,
        0.10254289130744053,
        0.10157059017594343,
        0.0938112479794056,
        0.09160515868219815,
        0.08295936855704408,
        0.08274539122804489,
        0.08058613834086142,
        0.08107983134049054,
        0.0833562591610706,
        0.07741912701868847,
        0.07896558578087859,
        0.0770778055940691,
        0.07304622294151619,
        0.06606236761053132
    ],
    "train_main_loss": [
        0.5507067005111747,
        0.4563749138623068,
        0.3831741076013813,
        0.32974600771518603,
        0.29317870593234285,
        0.251055211492189,
        0.2317755231506204,
        0.20650209978937287,
        0.1933058276772499,
        0.17592823047395031,
        0.15888962266992215,
        0.1324786794027441,
        0.1256889210860819,
        0.1281880331161904,
        0.11318755925518192,
        0.10773313030192297,
        0.10254289130744053,
        0.10157059017594343,
        0.0938112479794056,
        0.09160515868219815,
        0.08295936855704408,
        0.08274539122804489,
        0.08058613834086142,
        0.08107983134049054,
        0.0833562591610706,
        0.07741912701868847,
        0.07896558578087859,
        0.0770778055940691,
        0.07304622294151619,
        0.06606236761053132
    ],
    "train_ssl_loss": [
        0.0,
        0.0,
        0.0,
        0.0,
        0.0,
        0.0,
        0.0,
        0.0,
        0.0,
        0.0,
        0.0,
        0.0,
        0.0,
        0.0,
        0.0,
        0.0,
        0.0,
        0.0,
        0.0,
        0.0,
        0.0,
        0.0,
        0.0,
        0.0,
        0.0,
        0.0,
        0.0,
        0.0,
        0.0,
        0.0
    ],
    "train_accuracy": [
        0.7607758620689655,
        0.8224137931034483,
        0.8581896551724137,
        0.8870689655172413,
        0.8931034482758621,
        0.9038793103448276,
        0.9133620689655172,
        0.9211206896551725,
        0.9237068965517241,
        0.9318965517241379,
        0.9336206896551724,
        0.9512931034482759,
        0.9543103448275863,
        0.9512931034482759,
        0.9556034482758621,
        0.9564655172413793,
        0.9607758620689655,
        0.9607758620689655,
        0.9612068965517241,
        0.9672413793103448,
        0.9668103448275862,
        0.965948275862069,
        0.9672413793103448,
        0.9698275862068966,
        0.9612068965517241,
        0.969396551724138,
        0.9676724137931034,
        0.9706896551724138,
        0.9698275862068966,
        0.9732758620689655
    ],
    "val_loss": [
        0.4663147304369056,
        0.3773772800746171,
        0.3215087001090464,
        0.26170976824410586,
        0.23529717982139275,
        0.2317029980375715,
        0.1889836909249425,
        0.1973758672323564,
        0.19363411613132642,
        0.1772558919923461,
        0.1544047347674875,
        0.176702582763265,
        0.14204504964468273,
        0.13184515287613738,
        0.1306643253394767,
        0.12690795035830335,
        0.12004742490978021,
        0.11310002948764873,
        0.1128395959208517,
        0.11030380561461915,
        0.11491812781795212,
        0.10885017980699954,
        0.1125069148686674,
        0.11551501868171213,
        0.10830679052995275,
        0.14218910722790853,
        0.13734903467981063,
        0.14768989246500575,
        0.11174397529406555,
        0.11808847845025847
    ],
    "val_accuracy": [
        0.7987594762232942,
        0.8738800827015851,
        0.8917987594762233,
        0.9117849758787043,
        0.892487939352171,
        0.9062715368711234,
        0.9131633356305996,
        0.9055823569951758,
        0.9193659545141282,
        0.9372846312887664,
        0.9400413507925569,
        0.9427980702963473,
        0.9455547898001379,
        0.9448656099241902,
        0.9483115093039284,
        0.9558924879393522,
        0.9558924879393522,
        0.9572708476912474,
        0.9503790489317712,
        0.9586492074431426,
        0.9531357684355617,
        0.9565816678152997,
        0.9593383873190903,
        0.9600275671950379,
        0.9586492074431426,
        0.9538249483115093,
        0.9565816678152997,
        0.9558924879393522,
        0.9600275671950379,
        0.9600275671950379
    ],
    "val_precision": [
        0.7946175637393768,
        0.8822095857026807,
        0.8883534136546185,
        0.9156928213689483,
        0.9636015325670498,
        0.9348591549295775,
        0.9455357142857143,
        0.9474161378059837,
        0.9178423236514522,
        0.9410760034158838,
        0.9544259421560035,
        0.9452523524379812,
        0.9484978540772532,
        0.957092819614711,
        0.9629302736098853,
        0.9600694444444444,
        0.9681978798586572,
        0.9666080843585237,
        0.9738738738738739,
        0.9666666666666667,
        0.9615384615384616,
        0.9715555555555555,
        0.9724933451641526,
        0.9708480565371025,
        0.9775583482944344,
        0.95836947094536,
        0.962510897994769,
        0.9600694444444444,
        0.9733570159857904,
        0.968365553602812
    ],
    "val_recall": [
        0.998220640569395,
        0.9661921708185054,
        0.9839857651245552,
        0.9759786476868327,
        0.895017793594306,
        0.9448398576512456,
        0.9421708185053381,
        0.9297153024911032,
        0.9839857651245552,
        0.9804270462633452,
        0.9688612099644128,
        0.9830960854092526,
        0.9830960854092526,
        0.9724199288256228,
        0.9706405693950177,
        0.9839857651245552,
        0.9750889679715302,
        0.9786476868327402,
        0.9617437722419929,
        0.9804270462633452,
        0.9786476868327402,
        0.9724199288256228,
        0.9750889679715302,
        0.9777580071174378,
        0.9688612099644128,
        0.9830960854092526,
        0.9822064056939501,
        0.9839857651245552,
        0.9750889679715302,
        0.9804270462633452
    ],
    "val_f1": [
        0.8848580441640379,
        0.9222929936305733,
        0.9337273111017307,
        0.9448751076658053,
        0.9280442804428044,
        0.9398230088495575,
        0.9438502673796791,
        0.9384822631342613,
        0.9497638471446973,
        0.9603485838779956,
        0.9615894039735099,
        0.963802878325338,
        0.9654871122761031,
        0.9646954986760812,
        0.9667700487372618,
        0.9718804920913884,
        0.9716312056737588,
        0.9725906277630415,
        0.9677708146821844,
        0.9734982332155477,
        0.9700176366843033,
        0.9719875500222321,
        0.9737894269213683,
        0.974290780141844,
        0.9731903485254692,
        0.9705753184014053,
        0.9722589167767504,
        0.9718804920913884,
        0.9742222222222222,
        0.9743589743589743
    ],