{
    "accuracy": 0.9266211604095563,
    "precision": 0.9468599033816425,
    "recall": 0.9491525423728814,
    "f1": 0.9480048367593712,
    "auc": 0.9805315679715602
}