{
    "train_loss": [
        0.47996858392179625,
        0.3393070712122311,
        0.19092834795924396,
        0.15841588184647135,
        0.15639764137079626,
        0.15134022679320724,
        0.13595758349701917,
        0.13612341764943092,
        0.1284515035828364,
        0.13143879103496722
    ],
    "train_main_loss": [
        0.4221886655514183,
        0.2821354638989951,
        0.1337868372759305,
        0.10135629854270632,
        0.09930112791852545,
        0.09430031000662122,
        0.07898003575504083,
        0.07911285547510788,
        0.07145368059676242,
        0.07436266886126378
    ],
    "train_ssl_loss": [
        0.577799187185838,
        0.5717160639791554,
        0.571415101539638,
        0.5705958222810346,
        0.5709651230331958,
        0.5703991598280025,
        0.569775464659704,
        0.5701056152991822,
        0.5699782193321543,
        0.570761214212044
    ],
    "train_accuracy": [
        0.8364576599870718,
        0.8995906054729584,
        0.9491488903253609,
        0.9633699633699634,
        0.9640163757810817,
        0.9657401422107305,
        0.9728506787330317,
        0.9709114414996768,
        0.9773755656108597,
        0.9728506787330317
    ],
    "val_loss": [
        0.31073771580889986,
        0.14975913411395236,
        0.10995964804705191,
        0.11085518067549137,
        0.14594766119965813,
        0.09574435991593279,
        0.08891507855278778,
        0.11819812264881906,
        0.10701704244666661,
        0.09156257926824164
    ],
    "val_accuracy": [
        0.9042039972432805,
        0.9421088904203997,
        0.9593383873190903,
        0.9620951068228808,
        0.9503790489317712,
        0.9648518263266712,
        0.968986905582357,
        0.9648518263266712,
        0.9648518263266712,
        0.9655410062026188
    ],
    "val_precision": [
        0.9156118143459916,
        0.9585537918871252,
        0.9741763134461264,
        0.9651871192341166,
        0.9906716417910447,
        0.9702015775635408,
        0.9778565101860053,
        0.967741935483871,
        0.9837691614066727,
        0.9743816254416962
    ],
    "val_recall": [
        0.9653024911032029,
        0.9670818505338078,
        0.9733096085409253,
        0.9866548042704626,
        0.9448398576512456,
        0.9848754448398577,
        0.9822064056939501,
        0.9875444839857651,
        0.9706405693950177,
        0.9813167259786477
    ],
    "val_f1": [
        0.9398007795582504,
        0.9627989371124889,
        0.9737427681352915,
        0.9758029036515619,
        0.9672131147540983,
        0.9774834437086093,
        0.9800266311584553,
        0.9775429326287979,
        0.9771607702642185,
        0.9778368794326241
    ],
    "val_auc": [
        0.8631076757321492,
        0.9842714420973586,
        0.9909889320578537,
        0.9920037654945749,
        0.9910106979224482,
        0.9937123858652475,
        0.9929777879351812,
        0.9912419602337653,
        0.9916038177326499,
        0.9931927258480525
    ],
    "learning_rate": [
        0.002154,
        0.002154,
        0.002154,
        0.002154,
        0.002154,
        0.002154,
        0.002154,
        0.002154,
        0.002154,
        0.002154
    ]
}