{
    "train_loss": [
        0.6460092324776339,
        0.4926010865935755,
        0.2473211629873084,
        0.1907947271601441,
        0.15963082690163166,
        0.18732739299458942,
        0.16700348266339587,
        0.1565888986964406,
        0.14851416774170914,
        0.1458017050298219
    ],
    "train_main_loss": [
        0.5886058951263985,
        0.4354370795574385,
        0.18988370854900413,
        0.13360331390897945,
        0.10241322010704332,
        0.13011186034338632,
        0.10976691149764045,
        0.09922057446380406,
        0.09129299767494611,
        0.08854509447221212
    ],
    "train_ssl_loss": [
        0.5740333661385828,
        0.5716400704637835,
        0.574374536878055,
        0.571914119409122,
        0.5721760576533288,
        0.5721553122157493,
        0.5723657013009914,
        0.5736832359607277,
        0.5722116930890329,
        0.5725660948818901
    ],
    "train_accuracy": [
        0.7379875026933851,
        0.8795518207282913,
        0.9308338720103426,
        0.9530273647920706,
        0.9616461969403146,
        0.9528118939883645,
        0.9612152553329024,
        0.9648782589959061,
        0.9696186166774402,
        0.9719887955182073
    ],
    "val_loss": [
        0.5361504209238094,
        0.37671484511632186,
        0.14130113950858897,
        0.13418969649125587,
        0.1198677016923634,
        0.11775723064400173,
        0.22436882848186152,
        0.16264782896889682,
        0.10886034749929312,
        0.11808431118849542
    ],
    "val_accuracy": [
        0.8766368022053757,
        0.9097174362508614,
        0.9627842866988284,
        0.9676085458304617,
        0.9641626464507237,
        0.9620951068228808,
        0.9600275671950379,
        0.9696760854583046,
        0.9641626464507237,
        0.9565816678152997
    ],
    "val_precision": [
        0.8682774746687452,
        0.9053061224489796,
        0.9828519855595668,
        0.9778172138420586,
        0.9820143884892086,
        0.9854677565849228,
        0.9610726643598616,
        0.9761904761904762,
        0.9872727272727273,
        0.9916589434661723
    ],
    "val_recall": [
        0.9911032028469751,
        0.9866548042704626,
        0.9688612099644128,
        0.9804270462633452,
        0.9715302491103203,
        0.9653024911032029,
        0.9884341637010676,
        0.9848754448398577,
        0.9661921708185054,
        0.9519572953736655
    ],
    "val_f1": [
        0.9256335687577898,
        0.9442315879097488,
        0.9758064516129032,
        0.9791203909373611,
        0.9767441860465116,
        0.9752808988764045,
        0.974561403508772,
        0.9805137289636847,
        0.9766187050359713,
        0.9714026327734907
    ],
    "val_auc": [
        0.8597298856203816,
        0.9709588951647131,
        0.9915140335411974,
        0.9931818429157553,
        0.9931818429157552,
        0.9929260940067692,
        0.9930757343258568,
        0.9931437526527147,
        0.9938076115228488,
        0.9936715748691327
    ],
    "learning_rate": [
        0.0018984960342824176,
        0.0017173012863879807,
        0.0012429272778173763,
        0.0006565687564650415,
        0.00018219474789443705,
        0.0018984960342824176,
        0.0018520610011654615,
        0.0017173012863879807,
        0.0015074081097585378,
        0.0012429272778173763
    ]
}