{
    "accuracy": 0.9283276450511946,
    "precision": 0.9557739557739557,
    "recall": 0.9418886198547215,
    "f1": 0.948780487804878,
    "auc": 0.9802936360200982
}