{
    "accuracy": 0.9283276450511946,
    "precision": 0.9535452322738386,
    "recall": 0.9443099273607748,
    "f1": 0.948905109489051,
    "auc": 0.9809094598944701
}